{"train_steps_per_second":0.961,"total_flos":1.8123158395300086e+18,"eval/samples_per_second":113.344,"train/global_step":107550,"train/epoch":30,"train/grad_norm":0.8455722332000732,"_wandb":{"runtime":111921},"eval/accuracy":0.45046808060506693,"_runtime":111921,"eval/runtime":4.2437,"eval/steps_per_second":3.77,"train_samples_per_second":61.499,"train/loss":2.5162,"train_runtime":111901.2191,"train/learning_rate":4.973183812774229e-08,"_step":861,"eval/loss":2.9567627906799316,"train_loss":2.931345635223034,"_timestamp":1.760269574706952e+09}