{"_step":0,"eval/loss":2.7820985317230225,"eval/model_preparation_time":0.0027,"eval/steps_per_second":11.366,"eval/runtime":21.1158,"_wandb":{"runtime":29},"eval/accuracy":0.45982404692082113,"_timestamp":1.759284505069097e+09,"train/global_step":0,"eval/samples_per_second":11.366,"_runtime":29}