{"eval/accuracy":0.447900858859763,"_step":215,"_timestamp":1.7590503001790452e+09,"eval/runtime":4.034,"train_loss":2.923057365896313,"train_steps_per_second":1.115,"_runtime":96455,"eval/steps_per_second":1.983,"train/global_step":107550,"total_flos":1.9832730112470548e+18,"_wandb":{"runtime":96455},"train/learning_rate":5.37298878595807e-07,"eval/samples_per_second":119.236,"train_samples_per_second":71.351,"train/loss":2.491,"train/grad_norm":0.8256264328956604,"train/epoch":30,"eval/loss":2.96481990814209,"train_runtime":96450.4575}