{"eval/runtime":5.582,"eval/model_preparation_time":0.0022,"_wandb":{"runtime":29},"_step":0,"eval/loss":2.9081311225891113,"_timestamp":1.7596368260085304e+09,"train/global_step":0,"eval/samples_per_second":21.319,"eval/steps_per_second":10.749,"eval/accuracy":0.4496886199521333,"_runtime":29}