{
  "sample_id": 7,
  "layer": 10,
  "head": 11,
  "query": 18,
  "task": "xsum",
  "orig": {
    "state": "SMALL",
    "margin_base": 0.04217845558665103,
    "flip_any": 1,
    "prefix_delta": -0.21620568169084428,
    "diag_delta": 0.2721573121288492,
    "far_delta": 0.0
  },
  "pert": {
    "state": "OTHER",
    "margin_base": 0.31255742194585007,
    "flip_any": 1,
    "prefix_delta": 0.12256701413908551,
    "diag_delta": -0.1981190281385993,
    "far_delta": 0.0
  }
}