{"eval/model_preparation_time":0.0064,"_timestamp":1.7596368700334384e+09,"eval/loss":3.1723268032073975,"_step":0,"eval/steps_per_second":2.304,"eval/accuracy":0.41798925650103774,"eval/runtime":6.0772,"eval/samples_per_second":4.607,"_runtime":22,"train/global_step":0,"_wandb":{"runtime":22}}