{"train/global_step":0,"eval/accuracy":0.45041700295937587,"eval/samples_per_second":4.878,"_timestamp":1.760578011701267e+09,"_wandb":{"runtime":192},"_runtime":192,"eval/model_preparation_time":0.0026,"eval/loss":2.9075872898101807,"eval/steps_per_second":2.48,"_step":0,"eval/runtime":12.0953}