{"eval/rougeL":0.4532540835229314,"train_runtime":3367.3568,"train/learning_rate":1.1093161012385567e-05,"eval/rouge1":0.48422726747809464,"eval/runtime":53.1458,"_wandb":{"runtime":3437},"_runtime":3437,"train/epoch":1,"train_loss":2.8227583707141144,"eval/bleu4":0.04708593761654012,"eval/bleu3":0.09433614648214678,"eval/steps_per_second":4.158,"_step":15,"eval/rouge2":0.20246370300292937,"eval/bleu1":0.48157143685454934,"total_flos":3.582440059908915e+16,"train_steps_per_second":0.581,"eval/bleu":0.14264332323960557,"train/global_step":1955,"train/loss":2.5623,"eval/bleu2":0.2020219744621116,"eval/loss":2.4475889205932617,"train_samples_per_second":37.148,"eval/count":7049,"_timestamp":1.7600620465300798e+09,"train/grad_norm":2.69156551361084,"eval/samples_per_second":132.635}