{"eval/runtime":83.0613,"_timestamp":1.7600662129258318e+09,"eval/model_preparation_time":0.0061,"eval/loss":3.230290651321411,"eval/bleu":0.08311397022454489,"eval/rouge1":0.40287825662324,"eval/bleu2":0.1260674624021111,"eval/bleu3":0.048299692707868463,"_step":0,"eval/count":3428,"_runtime":97,"eval/bleu4":0.020866110237060344,"eval/bertscore":0.8628262843384625,"eval/steps_per_second":20.635,"eval/rougeL":0.36321698076083697,"_wandb":{"runtime":97},"eval/bleu1":0.39919794561508426,"train/global_step":0,"eval/samples_per_second":41.271,"eval/rouge2":0.1266930951264949}