task,layer,cohort,count_head_rows,mass_base_context,mass_wave_context,mass_delta_context,mass_base_generation,mass_wave_generation,mass_delta_generation,mass_base_question,mass_wave_question,mass_delta_question
hotpotqa,10,small_answer_queries,1902,0.7034774674201699,0.703864459951845,0.00038699253167506775,0.25886397446428544,0.2514240039821202,-0.007439970482165215,0.037658558115546234,0.04471153606603384,0.007052977950487607
hotpotqa,10,small_low_margin_flip_answer_queries,1242,0.7020986896184165,0.7027084972932327,0.0006098076748162207,0.2615184521406915,0.2541258151908081,-0.007392636949883402,0.036382858240892345,0.04316568751595946,0.006782829275067112
hotpotqa,10,baseline_non_small_answer_queries,3903,0.7078501476766386,0.7089426362901045,0.0010924886134658918,0.25742349973355044,0.24991913370172542,-0.007504366031825027,0.034726352589810786,0.04113823000816966,0.006411877418358872
hotpotqa,11,small_answer_queries,2214,0.3750910690339166,0.37534572542769257,0.00025465639377597604,0.6105015991836711,0.6070261966059465,-0.0034754025777246067,0.014407331782412517,0.01762807796635967,0.003220746183947151
hotpotqa,11,small_low_margin_flip_answer_queries,591,0.3718623597231847,0.37217402956104567,0.0003116698378609617,0.6142910427480347,0.6107856582020817,-0.00350538454595295,0.013846597528779949,0.017040312236872694,0.0031937147080927444
hotpotqa,11,baseline_non_small_answer_queries,3246,0.37813099995365473,0.37818479604425964,5.379609060490731e-05,0.6077558276278479,0.6045260317061227,-0.0032297959217251204,0.01411317241849645,0.017289172249617492,0.0031759998311210423
