{"train/epoch":0.06974473427256242,"_step":0,"train/grad_norm":3.9603159427642822,"train/loss":6.5621,"train/global_step":250,"train/learning_rate":4.98e-06,"_timestamp":1.7593753957928603e+09,"_wandb":{"runtime":442},"_runtime":442}