{"eval/steps_per_second":9.31,"train/loss":7.2487,"_step":4,"eval/loss":7.288504600524902,"_wandb":{"runtime":32},"_runtime":32,"train/global_step":3,"eval/runtime":6.552,"train/learning_rate":9.999976750944493e-06,"eval/samples_per_second":73.412,"_timestamp":1.759053479547049e+09,"train/grad_norm":2.6393818855285645,"train/epoch":0.00010462074978204011,"eval/accuracy":0.0894418428665004}