{"_wandb":{"runtime":55576},"train_runtime":55542.1317,"eval/accuracy":0.4588654588654589,"eval/samples_per_second":129.949,"_step":501,"train/global_step":107550,"eval/loss":2.8176605701446533,"_timestamp":1.7593714696412654e+09,"total_flos":1.9893979905565655e+18,"train/epoch":30,"train/grad_norm":0.3688651919364929,"train/learning_rate":4.973183812774229e-08,"eval/runtime":3.7015,"train_loss":1.5334849296509527,"_runtime":55576,"train_samples_per_second":123.903,"train_steps_per_second":1.936,"train/loss":2.5864,"eval/steps_per_second":2.161}