{
  "sample_id": 4,
  "layer": 11,
  "head": 8,
  "query": 21,
  "task": "xsum",
  "orig": {
    "state": "SMALL",
    "margin_base": 0.0647360277270448,
    "flip_any": 1,
    "prefix_delta": -0.11232111926872985,
    "diag_delta": 0.13461720083132703,
    "far_delta": 0.0
  },
  "pert": {
    "state": "UNIFORM",
    "margin_base": 0.3006232060038489,
    "flip_any": 1,
    "prefix_delta": 0.22919845212831488,
    "diag_delta": -0.2482707238976439,
    "far_delta": 0.0
  }
}