{"eval/steps_per_second":28.526,"eval/model_preparation_time":0.0029,"_wandb":{"runtime":28},"_step":0,"eval/runtime":8.4486,"train/global_step":0,"_timestamp":1.7596367060348475e+09,"eval/samples_per_second":56.933,"_runtime":28,"eval/accuracy":0.44441822524014307,"eval/loss":2.9672396183013916}