{"eval/loss":2.95363187789917,"eval/accuracy":0.4502117652802584,"eval/runtime":4.7762,"train/global_step":107550,"train_samples_per_second":41.741,"eval/steps_per_second":3.35,"total_flos":1.8123067165497098e+18,"train_runtime":164870.9523,"train/grad_norm":0.8460717797279358,"train/epoch":30,"_timestamp":1.7606748828474135e+09,"train/learning_rate":4.973183812774229e-08,"train_steps_per_second":0.652,"train_loss":2.9290082932759973,"_runtime":164893,"_step":861,"eval/samples_per_second":100.708,"_wandb":{"runtime":164893},"train/loss":2.5142}