{"eval/loss":2.9695398807525635,"eval/runtime":7.3295,"eval/samples_per_second":65.626,"_step":0,"eval/steps_per_second":32.881,"eval/model_preparation_time":0.0032,"eval/accuracy":0.4438893206016494,"train/global_step":0,"_wandb":{"runtime":16},"_runtime":16,"_timestamp":1.7600205965371208e+09}