{"eval/model_preparation_time":0.0029,"_step":0,"eval/steps_per_second":15.528,"_timestamp":1.7596367554506388e+09,"eval/samples_per_second":30.797,"_wandb":{"runtime":18},"_runtime":18,"eval/accuracy":0.4539785626023736,"eval/loss":2.882455587387085,"train/global_step":0,"eval/runtime":3.864}