{"eval/accuracy":0.45982404692082113,"train/global_step":0,"_step":0,"_runtime":55,"eval/runtime":29.4551,"_wandb":{"runtime":55},"eval/samples_per_second":8.148,"eval/steps_per_second":8.148,"_timestamp":1.7592844468671386e+09,"eval/loss":2.7820985317230225,"eval/model_preparation_time":0.0028}