{"_runtime":67491,"train/grad_norm":0.3502606749534607,"eval/steps_per_second":4.063,"_wandb":{"runtime":67491},"_timestamp":1.7594554662214372e+09,"train/loss":2.6347,"train/learning_rate":3.320429058995612e-05,"eval/loss":2.759594678878784,"_step":587,"train/epoch":20.50216208676245,"eval/samples_per_second":122.14,"eval/accuracy":0.463446586734258,"train/global_step":73500,"eval/runtime":3.9381}