{"_step":15,"eval/rougeL":0.4554146977666008,"train/global_step":1955,"total_flos":3.616449060510106e+16,"_runtime":3471,"train/grad_norm":2.6882941722869873,"train/epoch":1,"eval/bleu3":0.09635346597748354,"eval/bleu2":0.2047896195685161,"train_runtime":3402.4929,"eval/rouge1":0.4864201852423002,"eval/bleu1":0.4831710960032963,"_timestamp":1.760056228778096e+09,"train_samples_per_second":36.765,"eval/loss":2.4372408390045166,"train/loss":2.5516,"train/learning_rate":1.1093161012385567e-05,"eval/steps_per_second":4.077,"eval/bleu":0.14454500618127744,"eval/rouge2":0.20596615373720067,"eval/samples_per_second":130.049,"train_loss":2.809137571681186,"eval/bleu4":0.04765950469887689,"eval/runtime":54.2026,"_wandb":{"runtime":3471},"eval/count":7049,"train_steps_per_second":0.575}