{"eval/runtime":6.3615,"train_runtime":217372.2937,"eval/samples_per_second":75.611,"_wandb":{"runtime":217401},"train/grad_norm":0.8535332679748535,"train_samples_per_second":31.659,"train/global_step":107550,"train_steps_per_second":0.495,"train/loss":2.5102,"train_loss":2.9260685437715424,"train/learning_rate":4.973183812774229e-08,"total_flos":1.8250466946313093e+18,"eval/steps_per_second":1.258,"_runtime":217401,"_step":861,"eval/accuracy":0.44952012075299747,"eval/loss":2.9563865661621094,"train/epoch":30,"_timestamp":1.7603235986941175e+09}