{"train/learning_rate":7.0259385665529e-05,"eval/samples_per_second":101.292,"train/epoch":9.902496861486958,"train/loss":2.8106,"eval/accuracy":0.449263805428189,"_step":283,"train/grad_norm":0.32162046432495117,"eval/runtime":4.7486,"_wandb":{"runtime":61755},"train/global_step":35500,"_runtime":61755,"_timestamp":1.7594552570022507e+09,"eval/loss":2.862694025039673,"eval/steps_per_second":6.528}