{"_wandb":{"runtime":54},"eval/runtime":34.1677,"eval/loss":2.735736608505249,"eval/samples_per_second":1.727,"_timestamp":1.7592853238761294e+09,"train/global_step":0,"eval/model_preparation_time":0.0028,"_runtime":54,"eval/accuracy":0.4648248173671902,"_step":0,"eval/steps_per_second":1.727}