{"eval/rouge2":0.2059683689915693,"eval/bleu4":0.04766766781687149,"eval/bleu":0.14455318080950527,"_wandb":{"runtime":130},"eval/model_preparation_time":0.0022,"eval/bertscore":0.8900015213452666,"eval/bleu1":0.4831580031675315,"eval/rouge1":0.4864220735723639,"_timestamp":1.7600576586141434e+09,"_runtime":130,"eval/steps_per_second":29.905,"train/global_step":0,"eval/count":7049,"_step":0,"eval/rougeL":0.45540265371482735,"eval/samples_per_second":59.801,"eval/loss":2.4148731231689453,"eval/runtime":117.8736,"eval/bleu3":0.09636191123573229,"eval/bleu2":0.20479912596019612}