{"train/global_step":107550,"eval/steps_per_second":2.158,"eval/loss":2.955605983734131,"train_steps_per_second":1.479,"total_flos":1.825031797604352e+18,"eval/samples_per_second":129.777,"_runtime":72736,"train_samples_per_second":94.662,"train/loss":2.5108,"train_runtime":72699.2278,"_wandb":{"runtime":72736},"train_loss":2.9270973031768017,"_timestamp":1.7595303626253233e+09,"train/learning_rate":4.973183812774229e-08,"_step":861,"eval/runtime":3.7064,"eval/accuracy":0.44977236758058675,"train/grad_norm":0.8498438596725464,"train/epoch":30}