{"train/global_step":0,"_runtime":16,"eval/samples_per_second":14.121,"eval/accuracy":0.45296248008112416,"eval/steps_per_second":7.18,"eval/model_preparation_time":0.0019,"eval/runtime":4.1783,"_wandb":{"runtime":16},"_step":0,"_timestamp":1.7596732332418191e+09,"eval/loss":2.884268283843994}