{"_step":0,"_wandb":{"runtime":19},"eval/loss":3.0993785858154297,"eval/runtime":5.5057,"_timestamp":1.7600206924318626e+09,"_runtime":19,"eval/samples_per_second":10.716,"eval/accuracy":0.42314107737836554,"train/global_step":0,"eval/model_preparation_time":0.0035,"eval/steps_per_second":5.449}