{"_wandb":{"runtime":21},"eval/count":53,"eval/model_preparation_time":0.006,"eval/bleu4":0.013133208255159476,"eval/rougeL":0.3082288955556154,"eval/runtime":6.4155,"eval/steps_per_second":4.209,"eval/rouge2":0.0842567172176304,"eval/rouge1":0.34989581295664535,"eval/bleu3":0.03488372093023256,"eval/bleu":0.06293186072625241,"eval/samples_per_second":8.261,"eval/bertscore":0.8551299065913794,"eval/bleu1":0.3671300081766149,"eval/loss":3.855877637863159,"_runtime":21,"_timestamp":1.7600662689575627e+09,"eval/bleu2":0.09572649572649573,"train/global_step":0,"_step":0}