{"eval/runtime":3.7176,"_step":215,"train/grad_norm":0.8372417688369751,"train_samples_per_second":96.526,"train/epoch":30,"_runtime":71334,"train/global_step":107550,"train_steps_per_second":1.509,"eval/accuracy":0.45034195719127224,"total_flos":1.825031797067481e+18,"_timestamp":1.759125740095414e+09,"train_runtime":71295.6088,"eval/samples_per_second":129.386,"train_loss":2.926514628688328,"eval/loss":2.954155206680298,"train/loss":2.5063,"train/learning_rate":5.372988785958044e-07,"eval/steps_per_second":2.152,"_wandb":{"runtime":71334}}