{"eval/steps_per_second":1.623,"eval/runtime":36.3424,"_timestamp":1.7592853231867025e+09,"_runtime":60,"train/global_step":0,"eval/loss":3.307258367538452,"eval/accuracy":0.38808385588046607,"_wandb":{"runtime":60},"eval/model_preparation_time":0.0024,"eval/samples_per_second":1.623,"_step":0}