component,dominant_scale,fine_mass,mid_mass,coarse_mass,entropy,v_s1,v_s2,v_s3,v_s4,v_s5,v_s6,v_s7,v_s8
0,5,0.12155360968679235,0.08559936105373045,0.7928470292594402,1.6942887703811933,0.0,3.2803854061741498,0.8162857799210606,1.4937969523155619,10.112555307052672,4.604769848178484,2.2053824124268564,4.473973541301241
1,7,0.2540590731356848,0.0004825962656607517,0.7454583305985988,1.4100129500476197,4.551408995282382,0.0,0.00864559945648922,0.0,0.11845107423010796,3.6512159677990237,5.4214827776305965,4.16356217554077
2,3,0.0,0.7576193803307125,0.24238061966922697,0.9049748745446619,0.0,0.0,12.201262683117973,0.3021800792329324,1.181971175799117,1.5240083648870133,1.294171832704586,0.0
3,2,0.7953653448099312,0.0671465973900689,0.1374880577999439,1.1411830739187643,3.73975820869776,10.399996986611823,1.1937111108612293,0.0,2.2239463108366966,0.0,0.020276141949902817,0.1999970398722758
4,4,0.1751762189612626,0.6963376784654635,0.12848610257320342,0.8874243960056739,2.486280232200538,0.0,0.0792458994341077,9.803891293337152,0.13607291125800478,0.0,0.0,1.6875333912098442
