component,dominant_scale,fine_mass,mid_mass,coarse_mass,entropy,v_s1,v_s2,v_s3,v_s4,v_s5,v_s6,v_s7,v_s8
0,5,0.21100050831436257,0.19121911515843643,0.5977803765271681,1.837672681657931,0.9206902706252149,5.48153666270182,1.3629233059890686,4.43909195461101,9.545269649612282,3.5245548915283478,1.141446069893721,3.926721839271531
1,7,0.28300379091484484,0.00807327080849483,0.708922938276618,1.7377883114200257,4.942714604133491,1.7187800843211163,0.19003296894148755,0.0,1.8752846451485934,4.313596379966824,5.708898056937165,4.789228440310638
2,3,0.2736297388661015,0.6396810128660628,0.08668924826779231,1.4268067790599508,2.7530183999675186,3.5466517168234666,11.634126666869037,3.09299830766769,0.0,0.7861472109132432,1.2096653386390634,0.0
