component,dominant_scale,fine_mass,mid_mass,coarse_mass,entropy,v_s1,v_s2,v_s3,v_s4,v_s5,v_s6,v_s7,v_s8
0,5,0.15706952303046967,0.15385989539769535,0.6890705815717908,1.4560749150985235,0.0,3.544656347416031,1.5038982332080828,1.9683250492705286,9.745163398689607,0.0,0.3632582672827208,5.44213431497557
1,8,0.3243525341102296,0.0049077092256545034,0.670739756664052,1.1813079766884267,5.066853874635034,0.0,0.07666548859809068,0.0,0.0,0.23313933536402107,4.558271742841988,5.686510249734146
2,3,0.0,0.9074694598828822,0.09253054011703633,0.3701527069053001,0.0,0.0,11.132061175782217,0.0,0.4404898206308216,0.0,0.6945959081428585,0.0
3,2,0.9194355068805347,0.0,0.08056449311939819,0.890788542916796,4.095517192433373,9.623747835482034,0.0,0.0,0.8243722785144443,0.0,0.37776275398469145,0.0
4,4,0.10980633406544861,0.6636708442739104,0.22652282166057539,0.9654638082471073,1.6742138072563362,0.0,0.04149291909066322,10.077476085872002,0.5270833616107299,2.9267031518043747,0.0,0.0
5,6,0.0,0.0,0.9999999999999505,1.0051402736117607,0.0,0.0,0.0,0.0,4.304175647530732,10.945551012376177,4.903343609605859,0.0
