component,dominant_scale,fine_mass,mid_mass,coarse_mass,entropy,v_s1,v_s2,v_s3,v_s4,v_s5,v_s6,v_s7,v_s8
0,5,0.10960424244503915,0.11101368120087815,0.779382076354045,1.6951434813927362,0.0,2.900719771168314,0.4967699068688421,2.4412512202881618,9.860212234750284,4.326128206797706,1.9923106751836974,4.448004820496743
1,7,0.28556163319480765,0.031871081005451156,0.6825672857996954,1.760869814092467,4.729914525571092,1.4755283389770601,0.6925796368302504,0.0,1.2144957177060982,3.8999676059684374,5.405938231282355,4.312236309774076
2,3,0.0,0.7843062903675941,0.21569370963234713,0.961988948159113,0.0,0.0,12.345419537561801,0.9656060070141974,1.1406975764527558,1.3246120564810882,1.1953832800031179,0.0
3,2,0.6084213054232916,0.2874020918904685,0.10417660268618917,1.466512791771602,4.385100763197622,7.605160836701853,0.5719823187025026,5.09189932943865,1.0978440906427271,0.0,0.018871070547694584,0.9363107727504844
