{
  "sample_id": 30,
  "layer": 10,
  "head": 11,
  "query": 24,
  "task": "xsum",
  "orig": {
    "state": "SMALL",
    "margin_base": 0.09155832340329562,
    "flip_any": 1,
    "prefix_delta": -0.15400005468592076,
    "diag_delta": 0.17531649450998202,
    "far_delta": -0.15735954579425065
  },
  "pert": {
    "state": "OTHER",
    "margin_base": 0.2910317592706183,
    "flip_any": 1,
    "prefix_delta": 0.2229261241567462,
    "diag_delta": -0.27942297621436935,
    "far_delta": 0.1165785637892466
  }
}