{"train/loss":2.8728,"_timestamp":1.7594552119897373e+09,"train/grad_norm":0.31791985034942627,"train/epoch":6.276189147719347,"eval/accuracy":0.44318547058273083,"eval/runtime":4.4769,"train/global_step":22500,"eval/loss":2.903827428817749,"eval/steps_per_second":3.574,"train/learning_rate":8.29361287176987e-05,"_runtime":39110,"_wandb":{"runtime":39110},"eval/samples_per_second":107.442,"_step":179}