{"train/learning_rate":4.98e-06,"train/epoch":0.06974473427256242,"_wandb":{"runtime":442},"_step":0,"_timestamp":1.7593765511310577e+09,"_runtime":442,"train/grad_norm":3.9603159427642822,"train/global_step":250,"train/loss":6.5621}