{"train_samples_per_second":71.306,"train_steps_per_second":1.114,"_timestamp":1.7589726621130283e+09,"total_flos":1.9832730112470548e+18,"train/grad_norm":1.6916325092315674,"eval/runtime":4.1384,"train_runtime":96511.3379,"train_loss":2.9525000885307704,"eval/loss":2.9693570137023926,"eval/steps_per_second":1.933,"_runtime":96516,"train/epoch":30,"_step":215,"eval/samples_per_second":116.229,"_wandb":{"runtime":96516},"train/global_step":107550,"train/loss":2.5139,"train/learning_rate":5.37298878595807e-07,"eval/accuracy":0.4482670236094894}