{"_runtime":80,"eval/loss":2.848447322845459,"eval/model_preparation_time":0.0056,"eval/accuracy":0.45159912283199954,"_timestamp":1.759287406923779e+09,"train/global_step":0,"eval/steps_per_second":2.008,"_step":0,"_wandb":{"runtime":80},"eval/runtime":60.2663,"eval/samples_per_second":7.981}