{
  "sample_id": 7,
  "layer": 10,
  "head": 11,
  "query": 38,
  "task": "xsum",
  "orig": {
    "state": "SMALL",
    "margin_base": 0.009028886611638004,
    "flip_any": 1,
    "prefix_delta": -0.2611233295849732,
    "diag_delta": 0.17272064130427064,
    "far_delta": 0.0
  },
  "pert": {
    "state": "OTHER",
    "margin_base": 0.13949800323840478,
    "flip_any": 1,
    "prefix_delta": 0.11808817632186126,
    "diag_delta": -0.11979354965348733,
    "far_delta": 0.0
  }
}