{"_wandb":{"runtime":10},"_step":0,"train/grad_norm":2.8832664489746094,"_runtime":10,"train/learning_rate":1e-05,"_timestamp":1.759050192407692e+09,"train/epoch":3.487358326068003e-05,"train/loss":7.2959,"train/global_step":1}