{"total_flos":1.8125684023974953e+18,"_timestamp":1.760229456083069e+09,"eval/accuracy":0.4497316826083949,"train_runtime":71492.0604,"train/epoch":30,"eval/runtime":3.756,"train_steps_per_second":1.504,"train/loss":2.5156,"_runtime":71516,"train_samples_per_second":96.26,"eval/samples_per_second":128.063,"train_loss":2.9310309443702147,"eval/steps_per_second":2.13,"eval/loss":2.954610586166382,"_wandb":{"runtime":71516},"train/global_step":107550,"train/grad_norm":0.8498567938804626,"_step":861,"train/learning_rate":4.973183812774229e-08}