{"_step":0,"train/epoch":0.002179636959667998,"train/global_step":250,"train/grad_norm":4.3738837242126465,"train/learning_rate":4.98e-06,"_timestamp":1.7593733002983634e+09,"train/loss":9.6299,"_wandb":{"runtime":33},"_runtime":33}