{"eval/runtime":7.4426,"_wandb":{"runtime":27},"train/global_step":2,"eval/loss":7.301116943359375,"train/learning_rate":9.999988375472248e-06,"_timestamp":1.7590524820389757e+09,"_step":2,"eval/samples_per_second":64.628,"eval/accuracy":0.08869323937817089,"train/loss":7.448,"train/grad_norm":2.8249521255493164,"eval/steps_per_second":8.196,"_runtime":27,"train/epoch":6.974716652136006e-05}