{"eval/samples_per_second":0.901,"_timestamp":1.7592876421040478e+09,"eval/runtime":31.0846,"eval/accuracy":0.460230741057258,"eval/steps_per_second":0.225,"eval/loss":2.7716214656829834,"train/global_step":0,"_runtime":53,"eval/model_preparation_time":0.0044,"_step":0,"_wandb":{"runtime":53}}