{"_timestamp":1.759049924732007e+09,"_step":0,"_wandb":{"runtime":72},"train/grad_norm":2.8832876682281494,"_runtime":72,"train/global_step":1,"train/learning_rate":1e-05,"train/epoch":3.487358326068003e-05,"train/loss":7.2959}