{"eval/runtime":6.2122,"eval/accuracy":0.3275197516437902,"_wandb":{"runtime":29},"eval/model_preparation_time":0.0022,"_step":0,"_timestamp":1.7596369393416524e+09,"eval/loss":3.9877548217773438,"_runtime":29,"eval/samples_per_second":4.507,"eval/steps_per_second":2.254,"train/global_step":0}