{"eval/steps_per_second":8.413,"train/learning_rate":9.999918628305726e-06,"eval/runtime":7.2503,"_runtime":69,"train/loss":7.3647,"eval/loss":7.209133148193359,"eval/accuracy":0.09000736397996673,"_wandb":{"runtime":69},"_step":14,"train/epoch":0.00027898866608544026,"train/grad_norm":2.303004503250122,"train/global_step":8,"_timestamp":1.7590524079987617e+09,"eval/samples_per_second":66.342}