{"eval/loss":2.813804864883423,"eval/steps_per_second":2.571,"eval/samples_per_second":154.577,"train/grad_norm":0.36668795347213745,"train_steps_per_second":1.173,"_timestamp":1.7595421431361053e+09,"_runtime":91708,"train_loss":2.808977044113067,"train/epoch":30,"eval/accuracy":0.45909736320695227,"train/loss":2.5855,"eval/runtime":3.1117,"train/global_step":107550,"train/learning_rate":4.973183812774229e-08,"train_runtime":91677.4483,"_step":861,"_wandb":{"runtime":91708},"total_flos":1.9708001460399636e+18,"train_samples_per_second":75.066}