{"_runtime":17,"train/global_step":0,"_wandb":{"runtime":17},"eval/loss":2.9019935131073,"eval/model_preparation_time":0.0025,"eval/runtime":6.3993,"eval/samples_per_second":4.375,"_step":0,"eval/steps_per_second":4.375,"_timestamp":1.7592247502397997e+09,"eval/accuracy":0.44238885885205015}