{"_timestamp":1.7601564589177482e+09,"_wandb":{"runtime":41},"_runtime":41,"train/global_step":59,"_step":58,"train/epoch":0.004114939322081183,"train/loss":10.4195,"train/grad_norm":5.230976104736328,"train/learning_rate":1.16e-06}