{"eval/samples_per_second":26.385,"eval/count":3428,"eval/bleu2":0.12541879096868172,"eval/rouge2":0.12606862587998352,"eval/bleu":0.08098926360383592,"eval/model_preparation_time":0.0022,"eval/runtime":129.9223,"eval/bleu1":0.3990653552116353,"eval/rougeL":0.3624382676908662,"eval/bertscore":0.8631312309165541,"_runtime":153,"eval/steps_per_second":13.192,"_wandb":{"runtime":153},"_step":0,"eval/rouge1":0.40188516581213,"eval/loss":3.2141377925872803,"eval/bleu4":0.019171697913356635,"train/global_step":0,"_timestamp":1.760057835441754e+09,"eval/bleu3":0.04648276211464904}