{"eval/rougeL":0.3013974592434979,"eval/bleu4":0.010251630941286114,"eval/bleu":0.055311723799983004,"eval/rouge1":0.34292559572339626,"eval/loss":3.8250560760498047,"_timestamp":1.7600578785051947e+09,"eval/bleu1":0.3642276422764228,"eval/bleu3":0.02666666666666667,"eval/bertscore":0.8533560296274582,"eval/samples_per_second":7.175,"_step":0,"eval/model_preparation_time":0.0022,"eval/bleu2":0.09430756159728122,"train/global_step":0,"eval/steps_per_second":3.655,"eval/rouge2":0.08065378946624199,"eval/count":53,"eval/runtime":7.3868,"_runtime":19,"_wandb":{"runtime":19}}