{"eval/model_preparation_time":0.0033,"eval/steps_per_second":1.014,"eval/loss":2.8778345584869385,"eval/runtime":29.5942,"eval/accuracy":0.454042755737671,"_wandb":{"runtime":55},"eval/samples_per_second":1.994,"_runtime":55,"train/global_step":0,"_timestamp":1.7591087292063177e+09,"_step":0}