{"train/learning_rate":9.999988375472248e-06,"eval/runtime":13.6417,"train/global_step":2,"train/grad_norm":2.8249526023864746,"eval/accuracy":0.08869323937817089,"_wandb":{"runtime":30},"train/epoch":6.974716652136006e-05,"eval/samples_per_second":35.26,"train/loss":7.448,"eval/loss":7.301116466522217,"_timestamp":1.759050839667173e+09,"_runtime":30,"eval/steps_per_second":4.472,"_step":2}