{"train/global_step":0,"eval/bertscore":0.8894948515254126,"eval/model_preparation_time":0.0024,"eval/samples_per_second":82.655,"eval/loss":2.4247190952301025,"eval/bleu3":0.09430847068493928,"_step":0,"eval/bleu":0.14261772365437905,"eval/count":7049,"eval/bleu2":0.20198959310526352,"eval/rouge2":0.20241469835785664,"_wandb":{"runtime":105},"eval/bleu4":0.04707883018952362,"_timestamp":1.7600660806903596e+09,"eval/bleu1":0.4815294420822059,"eval/runtime":85.2817,"eval/rouge1":0.4841918828226698,"eval/rougeL":0.4532206204147258,"_runtime":105,"eval/steps_per_second":41.334}